"도시별","품목성질별",2007,2008,2009,2010,2011,2012,2013,2014,2015,2016,2017,2018,2019,2020,2021,2022,2023,2024
"전국","총지수",78.010,81.656,83.906,86.373,89.850,91.815,93.010,94.196,94.861,95.783,97.645,99.086,99.466,100.00,102.50,107.72,111.59,114.18
"전국","상품",76.440,81.225,83.903,87.816,92.762,95.653,96.631,97.530,96.856,96.274,98.120,99.419,99.130,100.00,103.12,110.02,114.43,117.21
"전국","농축수산물",64.229,64.545,68.704,75.606,82.529,85.137,84.587,82.316,83.947,87.169,91.957,95.328,93.733,100.00,108.73,112.82,116.28,123.10
"전국","공업제품",78.265,84.394,86.515,89.243,93.639,96.279,97.143,98.418,98.202,97.723,99.128,100.385,100.224,100.00,102.29,109.33,112.18,113.90
"전국","전기 · 가스 · 수도",-,-,-,103.928,108.864,114.298,119.489,124.116,114.931,104.353,102.880,99.891,101.387,100.00,97.90,110.20,132.46,137.06
"전국","서비스",78.834,81.755,83.720,85.288,87.569,88.841,90.204,91.611,93.300,95.396,97.268,98.827,99.745,100.00,101.95,105.70,109.15,111.59
"전국","집세",77.646,79.406,80.647,82.160,85.412,89.014,91.383,93.527,95.907,97.694,99.271,99.885,99.783,100.00,101.38,103.26,103.75,104.00
"전국","공공서비스",91.838,94.092,95.936,97.092,96.672,97.190,97.844,98.576,99.782,101.240,102.223,102.433,101.942,100.00,100.96,101.73,103.03,104.76
"전국","개인서비스",74.053,77.521,79.687,81.431,84.457,85.346,86.703,88.169,89.857,92.304,94.630,97.019,98.814,100.00,102.55,108.11,113.32,116.71
"서울특별시","총지수",77.252,80.466,82.838,85.162,88.412,90.605,91.869,93.300,94.470,95.585,97.494,98.799,99.382,100.00,102.10,106.69,110.88,113.50
"서울특별시","상품",76.095,80.356,83.599,87.022,91.648,94.593,95.654,96.854,96.714,96.086,97.995,98.868,98.755,100.00,102.40,108.61,114.22,117.35
"서울특별시","농축수산물",65.911,65.879,70.136,75.901,82.207,84.572,83.128,80.868,83.425,86.541,92.974,95.673,92.937,100.00,107.86,111.67,115.80,124.14
"서울특별시","공업제품",76.958,82.527,85.324,87.799,91.816,94.385,95.505,97.119,97.842,97.718,98.660,99.578,99.897,100.00,101.51,107.43,111.35,113.12
"서울특별시","전기 · 가스 · 수도",-,-,-,104.927,110.521,116.948,122.581,127.783,116.394,103.955,102.933,99.726,101.541,100.00,97.66,112.30,136.92,141.60
"서울특별시","서비스",77.770,80.413,82.312,84.065,86.412,88.112,89.505,91.085,93.077,95.264,97.171,98.755,99.787,100.00,101.89,105.33,108.66,110.97
"서울특별시","집세",73.337,75.528,77.088,78.945,82.359,85.828,88.279,90.754,93.574,95.904,97.917,98.935,99.258,100.00,101.61,103.35,103.88,104.40
"서울특별시","공공서비스",90.929,93.016,94.862,95.957,95.477,96.900,97.600,98.230,99.893,101.421,102.209,102.459,102.442,100.00,100.80,101.51,103.82,106.08
"서울특별시","개인서비스",74.343,77.387,79.472,81.449,84.374,85.290,86.444,87.971,89.690,92.102,94.468,96.953,98.815,100.00,102.51,108.11,113.36,116.65
"부산광역시","총지수",76.906,80.547,82.996,85.550,89.363,91.502,92.852,94.019,94.807,95.929,97.639,99.343,99.824,100.00,102.46,107.35,111.33,114.12
"부산광역시","상품",74.963,79.595,82.683,86.660,91.420,94.618,95.949,96.674,96.686,96.375,97.970,99.499,99.358,100.00,103.01,109.41,113.83,116.74
"부산광역시","농축수산물",63.756,63.869,69.387,76.707,83.643,86.980,87.529,84.518,86.150,89.391,93.013,97.364,95.724,100.00,108.79,112.59,115.36,123.35
"부산광역시","공업제품",77.069,83.257,85.321,88.005,92.008,94.925,95.998,97.364,98.010,97.573,98.882,100.039,100.137,100.00,102.03,108.63,111.89,113.59
"부산광역시","전기 · 가스 · 수도",-,-,-,101.038,105.701,111.049,116.215,120.596,111.890,103.359,102.059,99.908,101.377,100.00,97.82,108.91,129.52,132.94
"부산광역시","서비스",78.303,81.218,83.215,84.680,87.743,89.004,90.373,91.899,93.322,95.571,97.370,99.221,100.195,100.00,101.99,105.58,109.22,111.91
"부산광역시","집세",80.594,81.314,82.544,84.514,88.937,93.777,95.999,97.126,98.120,99.193,100.272,100.607,100.129,100.00,100.87,102.27,102.43,101.74
"부산광역시","공공서비스",93.244,95.128,96.756,97.571,98.474,98.489,99.153,100.562,100.991,101.722,102.858,103.517,102.649,100.00,100.75,101.68,103.38,106.17
"부산광역시","개인서비스",72.057,75.646,77.869,79.433,83.146,84.264,85.776,87.418,89.327,92.390,94.583,97.195,99.194,100.00,102.78,108.04,113.29,116.73
"대구광역시","총지수",77.264,80.979,82.885,85.229,88.766,90.939,92.442,93.769,94.464,95.412,97.358,99.047,99.710,100.00,102.64,108.02,111.79,114.20
"대구광역시","상품",76.243,81.287,83.304,87.271,92.202,95.022,95.823,97.110,96.678,96.269,98.120,99.829,99.518,100.00,103.27,110.27,114.59,117.37
"대구광역시","농축수산물",63.365,63.946,67.585,74.889,81.541,84.368,83.572,83.276,84.536,88.419,92.585,97.164,95.978,100.00,108.96,113.00,116.37,121.98
"대구광역시","공업제품",78.321,84.752,86.168,88.860,93.340,95.859,96.569,97.901,97.875,97.387,99.039,100.520,100.261,100.00,102.48,109.64,112.37,114.29
"대구광역시","전기 · 가스 · 수도",-,-,-,103.419,107.910,112.992,117.964,122.355,114.992,105.144,103.172,100.025,101.365,100.00,97.66,110.08,132.84,138.22
"대구광역시","서비스",77.795,80.555,82.358,83.555,85.992,87.656,89.708,91.067,92.653,94.721,96.752,98.420,99.866,100.00,102.03,105.86,109.13,111.21
"대구광역시","집세",83.780,84.081,83.951,84.285,86.491,90.066,93.426,95.756,97.941,99.159,99.593,99.784,99.670,100.00,101.33,102.44,101.41,100.45
"대구광역시","공공서비스",92.918,94.908,96.738,97.883,97.728,97.648,98.335,98.714,99.582,100.496,102.689,103.163,102.595,100.00,100.87,101.51,102.70,104.79
"대구광역시","개인서비스",71.041,74.473,76.603,77.950,81.354,83.199,85.512,87.058,88.791,91.502,93.788,96.235,98.802,100.00,102.67,108.49,113.68,116.57
"인천광역시","총지수",78.100,81.945,84.132,86.796,89.761,91.542,92.533,93.832,94.760,95.571,97.383,98.960,99.222,100.00,102.62,107.96,111.92,114.79
"인천광역시","상품",76.378,81.277,83.613,87.452,92.153,95.106,96.343,97.307,97.008,96.236,97.957,99.340,99.073,100.00,103.10,109.84,114.45,117.77
"인천광역시","농축수산물",65.614,66.706,70.332,77.309,83.076,85.582,85.792,82.788,83.999,86.635,90.527,95.286,93.817,100.00,108.75,113.16,116.75,125.81
"인천광역시","공업제품",77.460,83.480,85.305,87.955,92.265,94.910,95.742,97.133,98.075,97.713,99.162,100.262,100.054,100.00,102.47,109.20,112.06,113.82
"인천광역시","전기 · 가스 · 수도",-,-,-,105.013,110.579,116.390,122.265,127.538,116.187,104.290,103.172,99.909,101.669,100.00,96.27,108.40,130.02,135.75
"인천광역시","서비스",79.287,82.367,84.457,86.287,87.898,88.726,89.526,91.082,92.924,95.006,96.893,98.629,99.350,100.00,102.18,106.21,109.65,112.16
"인천광역시","집세",78.123,80.094,81.634,83.136,85.720,87.791,89.072,91.300,94.264,96.230,98.009,99.211,99.562,100.00,101.49,103.28,103.84,103.69
"인천광역시","공공서비스",92.604,95.118,97.128,98.265,97.372,98.392,98.757,99.662,100.780,102.514,103.126,102.996,102.060,100.00,101.28,101.45,102.48,104.73
"인천광역시","개인서비스",74.240,77.779,79.995,82.151,84.513,84.972,85.819,87.452,89.286,91.541,93.988,96.642,98.148,100.00,102.72,108.85,114.00,117.31
"광주광역시","총지수",78.855,82.595,84.681,87.173,90.726,92.347,93.540,95.041,95.306,96.180,98.191,99.345,99.564,100.00,102.57,107.79,111.76,114.57
"광주광역시","상품",76.691,81.592,83.943,88.001,93.208,95.957,96.848,98.009,97.197,96.618,98.705,99.548,99.249,100.00,103.25,110.31,114.47,117.10
"광주광역시","농축수산물",64.324,64.901,68.776,76.110,83.645,86.055,85.300,84.213,86.332,89.346,94.693,95.096,93.956,100.00,110.05,115.59,119.30,125.02
"광주광역시","공업제품",78.491,84.728,86.467,89.264,93.838,96.443,97.193,98.507,98.037,97.559,99.135,100.480,100.172,100.00,102.30,109.23,111.91,113.79
"광주광역시","전기 · 가스 · 수도",-,-,-,104.249,109.164,113.914,119.577,124.489,114.434,104.227,103.192,99.994,101.606,100.00,97.35,109.41,130.86,134.70
"광주광역시","서비스",80.234,83.142,85.055,86.440,88.521,89.134,90.576,92.357,93.517,95.743,97.693,99.143,99.868,100.00,101.93,105.41,109.23,112.17
"광주광역시","집세",83.220,84.019,84.758,85.171,87.094,91.752,95.004,96.326,97.513,98.114,98.767,99.376,99.669,100.00,100.82,101.91,102.23,102.51
"광주광역시","공공서비스",94.455,96.580,98.558,99.355,98.957,98.719,99.453,100.002,100.440,101.780,103.184,103.234,102.795,100.00,100.92,101.68,102.74,103.98
"광주광역시","개인서비스",74.046,77.594,79.674,81.401,84.461,84.711,86.159,88.556,90.033,92.885,95.266,97.421,98.695,100.00,102.55,107.62,113.19,117.32
"대전광역시","총지수",79.641,83.393,85.288,87.896,91.837,93.669,94.592,95.459,95.648,96.297,97.894,99.412,99.622,100.00,102.50,107.52,111.24,113.88
"대전광역시","상품",77.152,82.248,84.135,88.057,93.297,96.431,97.184,97.978,96.798,96.278,98.135,99.416,99.231,100.00,103.10,109.62,114.11,116.77
"대전광역시","농축수산물",64.681,65.517,69.516,76.527,84.002,87.159,85.236,82.404,82.784,85.876,91.110,94.248,93.669,100.00,108.84,112.13,116.41,121.84
"대전광역시","공업제품",78.983,85.317,86.466,89.264,93.935,96.658,97.477,98.640,98.248,97.954,99.282,100.620,100.330,100.00,102.42,109.12,112.02,113.91
"대전광역시","전기 · 가스 · 수도",-,-,-,103.292,108.232,114.590,119.837,124.577,114.434,104.245,103.021,99.918,101.469,100.00,97.51,109.10,129.83,134.51
"대전광역시","서비스",81.493,84.264,86.165,87.804,90.584,91.272,92.346,93.277,94.684,96.306,97.686,99.404,99.954,100.00,101.95,105.61,108.73,111.33
"대전광역시","집세",82.555,83.381,84.488,87.178,91.689,94.145,95.744,97.670,98.559,99.100,99.657,99.731,99.524,100.00,102.14,103.92,104.48,105.23
"대전광역시","공공서비스",96.469,98.351,100.294,101.019,100.859,101.288,101.708,101.927,102.762,103.883,104.499,104.734,103.217,100.00,100.70,101.36,100.50,102.51
"대전광역시","개인서비스",75.439,78.907,80.949,82.709,86.217,86.576,87.760,88.718,90.471,92.560,94.459,97.199,98.772,100.00,102.41,107.85,113.10,116.40
"울산광역시","총지수",79.064,83.180,85.113,87.815,91.313,93.272,94.688,95.812,96.251,97.205,99.006,100.026,99.705,100.00,102.49,107.57,111.43,113.97
"울산광역시","상품",77.150,82.224,84.256,88.396,93.435,96.450,97.471,98.587,97.598,97.158,98.895,99.834,99.027,100.00,103.05,109.42,113.43,116.36
"울산광역시","농축수산물",63.399,64.443,67.065,74.423,82.170,85.339,85.159,84.253,85.504,88.619,93.137,95.208,92.953,100.00,109.05,112.81,115.52,122.53
"울산광역시","공업제품",79.318,85.617,87.368,90.266,94.591,97.109,98.005,99.179,98.782,98.504,99.807,100.808,100.170,100.00,102.20,108.65,111.34,113.22
"울산광역시","전기 · 가스 · 수도",-,-,-,105.360,110.469,117.335,122.209,127.225,115.900,104.540,103.374,100.805,101.820,100.00,97.07,109.30,131.65,136.24
"울산광역시","서비스",80.518,83.860,85.727,87.278,89.460,90.514,92.258,93.387,95.040,97.241,99.101,100.197,100.323,100.00,101.92,105.71,109.41,111.62
"울산광역시","집세",89.001,92.003,93.011,93.554,95.433,98.716,101.643,102.972,103.861,104.536,104.564,103.489,101.226,100.00,101.66,104.20,105.12,105.33
"울산광역시","공공서비스",93.674,96.084,97.970,99.464,99.033,98.969,99.465,100.066,100.902,102.219,103.060,103.233,102.539,100.00,100.73,101.73,103.46,104.44
"울산광역시","개인서비스",74.385,78.141,80.092,81.812,84.879,85.956,87.947,89.234,91.285,94.053,96.583,98.419,99.287,100.00,102.43,107.52,112.42,115.41
"세종특별자치시","총지수",-,-,-,-,-,-,-,-,95.626,96.311,98.205,99.232,99.566,100.00,102.71,108.23,111.46,114.10
"세종특별자치시","상품",-,-,-,-,-,-,-,-,97.243,96.527,98.743,99.955,99.544,100.00,102.58,109.11,113.18,116.23
"세종특별자치시","농축수산물",-,-,-,-,-,-,-,-,86.015,89.095,94.490,96.475,95.426,100.00,106.92,111.74,115.40,122.29
"세종특별자치시","공업제품",-,-,-,-,-,-,-,-,98.188,97.667,99.452,100.905,100.399,100.00,102.12,108.51,111.00,113.04
"세종특별자치시","전기 · 가스 · 수도",-,-,-,-,-,-,-,-,113.229,102.449,101.366,98.781,100.586,100.00,97.98,110.01,132.06,137.91
"세종특별자치시","서비스",-,-,-,-,-,-,-,-,94.234,96.114,97.737,98.602,99.586,100.00,102.84,107.38,109.94,112.24
"세종특별자치시","집세",-,-,-,-,-,-,-,-,99.216,99.756,100.858,99.992,98.975,100.00,105.76,111.58,111.72,110.90
"세종특별자치시","공공서비스",-,-,-,-,-,-,-,-,99.243,100.080,101.247,101.771,101.528,100.00,102.08,104.25,105.26,107.49
"세종특별자치시","개인서비스",-,-,-,-,-,-,-,-,90.602,93.282,95.234,96.756,98.873,100.00,102.20,107.23,111.05,114.30
"경기도","총지수",78.004,81.767,84.138,86.546,89.871,91.769,92.890,94.038,94.734,95.624,97.545,98.994,99.396,100.00,102.57,107.72,111.55,114.13
"경기도","상품",76.817,81.531,84.296,88.341,93.266,95.940,96.964,97.823,97.047,96.355,98.229,99.470,99.147,100.00,103.25,109.99,114.30,116.97
"경기도","농축수산물",64.970,65.034,69.192,76.685,84.007,85.520,85.465,82.766,84.023,86.939,92.013,94.954,93.649,100.00,109.58,113.73,116.40,122.48
"경기도","공업제품",78.383,84.499,86.724,89.493,93.849,96.444,97.197,98.487,98.185,97.734,99.179,100.497,100.216,100.00,102.29,109.13,111.98,113.70
"경기도","전기 · 가스 · 수도",-,-,-,103.968,108.550,114.137,119.364,123.707,115.369,104.566,102.986,99.988,101.397,100.00,98.17,109.77,131.59,136.85
"경기도","서비스",78.537,81.699,83.798,85.156,87.327,88.692,89.887,91.234,92.991,95.068,97.020,98.628,99.594,100.00,102.02,105.90,109.36,111.88
"경기도","집세",76.530,78.508,79.860,80.957,84.290,88.109,90.288,92.519,95.367,97.381,99.355,100.156,100.028,100.00,101.57,104.12,104.57,104.76
"경기도","공공서비스",89.981,92.785,94.839,96.233,95.367,96.184,96.601,97.072,98.684,100.515,101.390,101.493,101.315,100.00,100.95,101.78,102.86,104.33
"경기도","개인서비스",74.866,78.489,80.816,82.210,85.094,85.882,87.069,88.466,89.937,92.133,94.523,96.992,98.758,100.00,102.61,108.19,113.51,117.19
"수원시","총지수",77.282,81.179,83.850,86.411,89.839,91.892,93.035,94.199,95.040,95.696,97.506,98.995,99.336,100.00,102.59,107.93,111.80,114.15
"수원시","상품",77.368,82.258,85.261,89.215,94.085,96.725,97.593,98.228,97.434,96.475,98.323,99.641,99.294,100.00,103.33,110.13,114.28,116.93
"수원시","농축수산물",69.173,69.952,74.796,82.215,89.505,90.458,89.851,85.754,86.317,87.889,92.819,95.570,94.472,100.00,109.90,114.12,115.88,121.74
"수원시","공업제품",78.076,84.125,86.462,89.247,93.591,96.269,96.940,98.202,98.080,97.584,99.071,100.565,100.233,100.00,102.36,109.27,112.10,113.85
"수원시","전기 · 가스 · 수도",-,-,-,104.358,108.800,114.462,119.533,123.881,115.441,104.996,103.228,100.043,101.111,100.00,97.76,109.41,131.06,136.21
"수원시","서비스",76.942,80.215,82.661,84.316,86.726,88.348,89.690,91.233,93.234,95.097,96.881,98.497,99.368,100.00,101.99,106.17,109.82,111.94
"수원시","집세",75.900,78.304,77.989,78.851,83.050,86.633,88.556,91.070,94.402,96.800,98.189,99.522,99.550,100.00,101.73,104.47,105.15,105.34
"수원시","공공서비스",89.936,92.542,94.561,96.198,95.173,95.761,96.064,96.323,97.919,99.529,100.757,101.128,101.185,100.00,100.79,101.45,102.34,103.58
"수원시","개인서비스",72.506,76.254,79.627,81.534,84.530,85.942,87.488,89.209,90.939,92.741,94.880,97.099,98.563,100.00,102.57,108.67,114.33,117.42
"성남시","총지수",78.296,82.082,84.257,86.320,89.406,91.543,92.672,93.861,94.584,95.388,97.237,98.827,99.403,100.00,102.42,107.32,111.04,113.85
"성남시","상품",76.699,81.298,83.899,88.202,92.664,95.523,96.657,97.584,96.688,95.800,97.742,98.863,98.951,100.00,103.02,109.57,114.18,117.50
"성남시","농축수산물",64.615,64.266,67.354,75.754,81.172,83.758,83.934,81.842,82.328,84.487,89.743,92.931,93.078,100.00,108.90,113.20,117.49,126.09
"성남시","공업제품",78.145,84.217,86.546,89.359,93.552,96.121,96.989,98.242,97.970,97.486,98.978,100.063,99.981,100.00,101.94,108.50,111.28,113.15
"성남시","전기 · 가스 · 수도",-,-,-,106.208,110.852,116.602,121.753,126.140,117.567,106.092,104.272,101.188,102.675,100.00,100.14,111.74,135.39,142.36
"성남시","서비스",79.164,82.421,84.323,84.888,86.968,88.594,89.724,91.096,92.991,95.065,96.846,98.800,99.754,100.00,101.94,105.51,108.56,110.98
"성남시","집세",74.516,75.747,76.853,77.486,81.431,86.157,89.171,92.335,95.466,97.375,99.434,99.896,100.013,100.00,101.36,103.19,103.55,103.37
"성남시","공공서비스",89.258,92.454,94.524,95.927,95.439,96.239,96.751,97.207,98.731,101.157,101.809,101.936,101.729,100.00,101.42,102.27,103.84,105.88
"성남시","개인서비스",76.869,80.736,82.839,83.063,85.451,86.370,87.135,88.286,89.922,91.901,94.055,97.206,98.885,100.00,102.34,107.62,112.09,115.52
"의정부시","총지수",77.063,80.884,83.477,86.493,89.852,91.503,93.172,94.204,94.536,95.578,97.395,98.980,99.456,100.00,102.75,108.29,112.16,115.00
"의정부시","상품",75.558,80.362,83.272,88.112,93.406,95.941,97.566,98.339,97.389,96.669,98.459,99.529,99.204,100.00,103.52,110.81,114.96,117.48
"의정부시","농축수산물",59.280,59.552,64.873,74.477,82.451,83.259,85.842,82.861,84.087,87.626,92.519,94.873,92.741,100.00,110.13,116.58,118.32,124.44
"의정부시","공업제품",78.583,84.854,86.770,89.725,94.302,96.947,97.862,99.064,98.784,98.106,99.383,100.594,100.478,100.00,102.54,109.61,112.50,114.07
"의정부시","전기 · 가스 · 수도",-,-,-,103.680,109.148,114.221,119.439,124.320,113.930,103.511,102.755,99.901,101.530,100.00,97.89,109.43,130.42,135.09
"의정부시","서비스",77.923,81.088,83.450,85.264,87.211,88.231,89.934,91.152,92.399,94.742,96.584,98.563,99.651,100.00,102.13,106.27,109.92,112.99
"의정부시","집세",74.728,77.876,82.384,84.487,86.543,90.699,93.439,95.103,97.206,98.669,99.450,100.345,99.997,100.00,100.99,102.52,102.76,102.77
"의정부시","공공서비스",91.365,93.718,95.492,96.790,95.564,96.300,96.691,97.447,99.051,100.811,101.523,101.548,101.292,100.00,100.86,101.83,102.89,104.66
"의정부시","개인서비스",73.656,77.129,79.162,81.068,84.081,84.284,86.158,87.406,88.270,91.110,93.716,96.812,98.884,100.00,103.04,109.37,115.13,119.70
"안양시","총지수",78.392,81.912,84.091,86.494,89.918,91.833,92.807,93.968,94.566,95.359,97.309,98.617,99.301,100.00,102.54,107.62,112.10,114.53
"안양시","상품",76.778,81.455,83.853,88.027,92.553,95.354,96.211,97.151,96.492,95.886,97.707,98.829,99.034,100.00,102.96,109.69,114.44,116.78
"안양시","농축수산물",66.266,65.491,68.678,76.326,82.134,85.443,84.517,81.996,84.060,87.021,91.497,92.847,93.459,100.00,109.11,113.81,118.55,122.59
"안양시","공업제품",77.946,84.235,86.333,89.243,93.438,95.751,96.508,97.872,97.542,97.257,98.717,100.176,100.139,100.00,102.04,108.75,111.78,113.55
"안양시","전기 · 가스 · 수도",-,-,-,103.190,107.668,113.202,118.203,122.463,114.140,102.907,101.984,99.689,101.144,100.00,97.91,109.51,131.07,135.48
"안양시","서비스",79.272,82.022,84.066,85.317,87.948,89.213,90.270,91.590,93.103,94.952,97.001,98.450,99.508,100.00,102.20,105.95,110.24,112.73
"안양시","집세",77.986,79.589,80.723,81.760,85.514,88.995,90.375,92.496,94.923,96.452,98.828,99.350,99.721,100.00,102.31,105.27,105.81,105.88
"안양시","공공서비스",89.967,93.064,95.479,96.680,95.367,96.045,96.554,96.975,98.574,100.429,101.601,101.675,101.378,100.00,100.72,101.46,102.46,104.55
"안양시","개인서비스",75.680,78.623,80.751,82.090,85.757,86.543,87.710,89.118,90.314,92.261,94.567,96.865,98.684,100.00,102.78,108.03,114.74,118.16
"부천시","총지수",78.411,82.060,84.252,86.750,89.982,91.831,92.962,93.988,94.572,95.525,97.668,98.881,99.400,100.00,102.34,107.49,111.32,114.03
"부천시","상품",75.830,80.400,83.204,87.436,92.500,95.328,96.459,97.349,96.702,96.186,98.230,99.341,99.163,100.00,102.86,109.75,114.05,116.96
"부천시","농축수산물",62.072,62.241,65.822,73.217,80.709,82.631,82.777,80.015,81.589,85.031,90.694,93.745,93.598,100.00,107.24,111.99,114.70,121.99
"부천시","공업제품",78.002,83.934,86.368,89.362,93.845,96.555,97.295,98.686,98.471,98.094,99.554,100.670,100.296,100.00,102.33,109.26,112.18,113.93
"부천시","전기 · 가스 · 수도",-,-,-,102.769,107.220,112.742,118.800,123.042,114.739,104.022,102.726,99.688,101.156,100.00,97.91,109.51,130.46,135.74
"부천시","서비스",80.054,83.106,84.885,86.249,88.124,89.230,90.356,91.482,92.961,95.015,97.236,98.530,99.585,100.00,101.92,105.66,109.15,111.70
"부천시","집세",77.531,78.658,80.409,81.893,84.773,88.732,90.492,92.220,94.341,95.638,98.710,99.451,99.660,100.00,101.31,102.64,103.18,103.85
"부천시","공공서비스",90.919,93.412,95.338,96.670,95.744,96.509,96.758,97.234,98.825,100.759,101.645,101.531,101.329,100.00,100.78,101.48,102.44,103.89
"부천시","개인서비스",76.640,80.463,82.216,83.523,86.085,86.467,87.721,88.905,90.144,92.481,94.984,97.021,98.851,100.00,102.60,108.40,113.80,117.40
"고양시","총지수",78.200,82.060,84.475,86.892,90.165,91.765,92.751,93.812,94.586,95.577,97.798,99.169,99.274,100.00,102.58,107.60,111.42,114.06
"고양시","상품",77.909,82.551,85.660,89.238,94.258,96.743,97.523,98.504,97.601,97.062,99.123,100.265,99.006,100.00,103.38,109.95,114.11,116.91
"고양시","농축수산물",66.461,66.494,72.313,79.230,86.948,87.139,85.703,84.043,85.645,89.603,95.700,97.764,92.837,100.00,109.88,112.63,115.27,121.46
"고양시","공업제품",79.575,85.640,87.760,90.153,94.593,97.224,97.993,99.188,98.529,98.017,99.504,100.910,100.184,100.00,102.42,109.37,112.03,113.81
"고양시","전기 · 가스 · 수도",-,-,-,103.233,107.679,113.238,118.245,122.505,115.109,104.514,102.726,99.686,101.153,100.00,97.91,109.51,131.29,137.20
"고양시","서비스",78.144,81.476,83.439,85.118,87.139,88.117,89.251,90.367,92.331,94.454,96.787,98.340,99.479,100.00,101.94,105.72,109.27,111.79
"고양시","집세",75.668,78.122,79.895,81.531,83.807,86.442,88.100,90.199,93.480,96.032,98.566,100.173,100.195,100.00,101.31,104.48,105.08,104.88
"고양시","공공서비스",88.013,90.837,92.845,94.324,94.104,95.285,95.781,96.420,98.310,100.223,101.434,101.430,101.260,100.00,100.80,101.57,102.88,104.46
"고양시","개인서비스",75.094,78.885,80.873,82.636,85.376,85.784,86.989,87.974,89.552,91.628,94.351,96.517,98.537,100.00,102.62,107.84,113.18,116.93
"안산시","총지수",77.999,81.728,84.045,86.343,89.862,91.804,92.875,94.190,94.962,96.003,97.726,99.081,99.673,100.00,102.54,107.61,111.64,114.58
"안산시","상품",77.001,81.791,84.272,87.918,93.281,95.784,96.865,97.780,97.159,96.662,98.302,99.671,99.662,100.00,103.24,109.82,114.18,116.93
"안산시","농축수산물",64.216,64.272,67.730,73.583,83.437,84.217,85.097,82.439,84.270,87.964,92.190,96.426,96.747,100.00,109.37,113.82,116.70,123.13
"안산시","공업제품",78.673,84.931,86.989,89.747,94.017,96.575,97.192,98.567,98.282,97.893,99.263,100.446,100.189,100.00,102.36,108.92,111.76,113.46
"안산시","전기 · 가스 · 수도",-,-,-,103.749,108.242,113.814,118.843,123.126,115.250,104.514,102.733,99.693,101.156,100.00,97.91,109.51,131.69,137.27
"안산시","서비스",78.509,81.538,83.736,85.177,87.334,88.861,89.921,91.529,93.303,95.496,97.283,98.622,99.680,100.00,101.98,105.83,109.61,112.69
"안산시","집세",79.184,81.706,83.301,84.027,87.178,91.419,94.262,95.883,98.674,100.803,102.400,102.562,101.521,100.00,101.26,103.49,104.77,105.17
"안산시","공공서비스",90.934,93.889,95.806,96.998,95.648,96.594,97.075,97.551,98.979,100.706,101.115,101.210,100.915,100.00,101.25,102.59,103.72,104.95
"안산시","개인서비스",73.641,76.837,79.313,80.993,84.084,85.022,85.769,87.792,89.387,91.789,94.188,96.391,98.629,100.00,102.53,107.95,113.52,118.15
"용인시","총지수",-,-,-,-,-,-,-,-,94.858,95.861,97.659,99.297,99.455,100.00,102.86,108.00,111.42,113.89
"용인시","상품",-,-,-,-,-,-,-,-,96.802,96.155,97.888,99.458,99.001,100.00,103.58,110.34,114.48,116.83
"용인시","농축수산물",-,-,-,-,-,-,-,-,83.388,86.349,90.893,94.945,92.345,100.00,111.74,115.89,117.34,122.47
"용인시","공업제품",-,-,-,-,-,-,-,-,98.041,97.635,99.043,100.533,100.376,100.00,102.25,109.13,112.02,113.60
"용인시","전기 · 가스 · 수도",-,-,-,-,-,-,-,-,115.325,104.523,102.733,99.691,101.156,100.00,97.91,109.51,131.07,135.42
"용인시","서비스",-,-,-,-,-,-,-,-,93.382,95.632,97.477,99.170,99.806,100.00,102.29,106.12,109.00,111.57
"용인시","집세",-,-,-,-,-,-,-,-,96.618,98.805,100.357,100.583,99.967,100.00,102.54,105.72,105.71,106.43
"용인시","공공서비스",-,-,-,-,-,-,-,-,99.627,101.019,101.549,101.629,101.391,100.00,100.70,101.47,102.33,103.57
"용인시","개인서비스",-,-,-,-,-,-,-,-,89.854,92.467,94.932,97.733,99.114,100.00,102.86,108.15,112.71,116.37
"화성시","총지수",-,-,-,-,-,-,-,-,-,-,-,-,-,100.00,102.50,107.74,111.50,113.86
"화성시","상품",-,-,-,-,-,-,-,-,-,-,-,-,-,100.00,103.27,109.96,114.33,116.61
"화성시","농축수산물",-,-,-,-,-,-,-,-,-,-,-,-,-,100.00,109.36,112.60,115.22,119.67
"화성시","공업제품",-,-,-,-,-,-,-,-,-,-,-,-,-,100.00,102.39,109.39,112.35,113.97
"화성시","전기 · 가스 · 수도",-,-,-,-,-,-,-,-,-,-,-,-,-,100.00,97.91,109.51,131.07,135.48
"화성시","서비스",-,-,-,-,-,-,-,-,-,-,-,-,-,100.00,101.89,105.96,109.26,111.67
"화성시","집세",-,-,-,-,-,-,-,-,-,-,-,-,-,100.00,101.13,104.39,104.32,104.36
"화성시","공공서비스",-,-,-,-,-,-,-,-,-,-,-,-,-,100.00,101.27,102.16,103.07,104.03
"화성시","개인서비스",-,-,-,-,-,-,-,-,-,-,-,-,-,100.00,102.40,108.04,113.32,117.03
"강원특별자치도","총지수",78.833,83.026,84.602,87.156,90.933,92.692,93.697,94.334,94.369,95.110,97.013,98.557,99.384,100.00,102.80,108.98,112.99,115.64
"강원특별자치도","상품",77.377,82.765,84.485,88.471,93.911,96.764,97.675,97.851,96.714,96.107,98.014,99.363,99.279,100.00,103.62,111.81,115.63,118.08
"강원특별자치도","농축수산물",64.416,64.684,67.851,74.142,81.624,84.968,84.865,82.338,83.734,86.777,90.988,93.776,93.303,100.00,109.65,114.87,117.92,124.51
"강원특별자치도","공업제품",79.365,86.244,87.461,90.577,95.535,98.192,99.013,99.597,98.263,97.432,99.225,100.622,100.492,100.00,102.69,111.23,113.39,114.81
"강원특별자치도","전기 · 가스 · 수도",-,-,-,103.524,107.483,110.591,114.878,117.582,112.202,104.724,101.964,99.200,100.595,100.00,98.28,110.27,132.35,136.51
"강원특별자치도","서비스",79.510,82.754,84.210,85.711,87.924,88.709,89.812,90.900,92.090,94.122,96.017,97.761,99.489,100.00,101.95,106.05,110.23,113.08
"강원특별자치도","집세",87.212,87.560,87.610,88.050,90.105,93.428,95.852,97.097,98.040,99.020,100.227,100.868,100.580,100.00,100.36,101.38,102.37,103.15
"강원특별자치도","공공서비스",91.450,94.362,94.976,96.682,96.626,96.587,97.296,97.906,98.919,100.009,100.806,101.054,101.567,100.00,100.95,102.11,104.04,105.12
"강원특별자치도","개인서비스",73.538,77.346,79.313,80.864,84.106,84.779,85.836,87.125,88.442,91.042,93.506,96.000,98.513,100.00,102.65,108.53,114.24,118.20
"춘천시","총지수",78.930,82.854,84.683,87.564,91.556,93.364,94.229,94.961,94.905,95.599,97.275,98.637,99.488,100.00,102.76,108.86,113.18,115.74
"춘천시","상품",77.804,83.209,84.931,89.128,94.550,97.327,98.159,98.577,97.219,96.687,98.543,99.535,99.422,100.00,103.44,111.51,115.52,118.05
"춘천시","농축수산물",67.952,68.875,72.168,78.792,85.575,88.252,87.705,85.289,86.271,89.535,94.209,95.362,94.146,100.00,109.42,114.49,117.88,124.42
"춘천시","공업제품",79.194,85.831,87.056,90.370,95.635,98.421,99.172,99.876,98.479,97.775,99.403,100.622,100.538,100.00,102.51,110.96,113.33,114.75
"춘천시","전기 · 가스 · 수도",-,-,-,101.281,104.393,107.330,112.054,116.278,109.906,101.982,99.361,97.498,99.693,100.00,98.22,109.89,131.67,136.95
"춘천시","서비스",79.298,82.126,83.994,85.863,88.539,89.493,90.392,91.430,92.654,94.527,96.024,97.751,99.549,100.00,102.06,106.12,110.74,113.32
"춘천시","집세",84.595,84.290,84.055,84.946,89.336,93.846,95.894,96.882,97.378,98.115,100.389,101.216,100.957,100.00,100.57,101.59,102.68,103.13
"춘천시","공공서비스",91.185,93.000,94.764,96.089,96.282,96.523,97.215,97.719,98.503,99.266,99.644,100.069,101.067,100.00,100.99,102.04,103.84,105.28
"춘천시","개인서비스",73.733,77.391,79.610,81.843,85.287,85.888,86.684,87.983,89.542,92.074,93.911,96.295,98.729,100.00,102.77,108.63,115.07,118.53
"원주시","총지수",79.443,83.450,84.969,87.413,91.113,92.859,93.970,94.635,94.593,95.308,97.079,98.620,99.349,100.00,102.86,108.85,112.54,115.20
"원주시","상품",77.438,82.711,84.082,88.171,93.770,96.466,97.635,97.916,96.854,96.122,97.850,99.265,99.139,100.00,103.80,111.72,115.29,117.61
"원주시","농축수산물",63.954,63.536,65.899,73.290,82.084,84.992,85.336,83.212,84.259,86.456,89.255,92.473,92.571,100.00,110.48,114.48,117.30,124.11
"원주시","공업제품",79.744,86.676,87.702,90.658,95.425,97.992,98.927,99.454,98.232,97.429,99.324,100.743,100.458,100.00,102.76,111.25,113.13,114.41
"원주시","전기 · 가스 · 수도",-,-,-,101.643,105.707,108.936,114.314,118.008,113.435,106.047,103.288,100.028,101.131,100.00,97.94,109.77,131.73,135.13
"원주시","서비스",80.711,83.726,85.334,86.537,88.491,89.326,90.379,91.422,92.402,94.500,96.311,97.980,99.560,100.00,101.88,105.87,109.69,112.66
"원주시","집세",89.501,89.879,90.005,90.346,91.009,93.914,96.309,97.569,98.879,99.935,100.512,101.017,100.530,100.00,100.35,101.30,102.26,102.98
"원주시","공공서비스",91.969,93.969,95.397,96.630,96.589,96.439,97.089,97.860,99.061,100.362,101.417,101.525,101.773,100.00,100.87,101.90,103.87,104.67
"원주시","개인서비스",74.866,78.618,80.500,81.797,84.858,85.785,86.793,87.931,88.749,91.355,93.684,96.139,98.558,100.00,102.59,108.34,113.46,117.75
"강릉시","총지수",77.870,82.558,83.940,86.268,89.834,91.596,92.642,93.112,93.355,94.195,96.583,98.368,99.309,100.00,102.75,109.32,113.42,116.20
"강릉시","상품",76.831,82.343,84.486,88.092,93.355,96.496,97.150,96.848,95.868,95.355,97.595,99.288,99.305,100.00,103.57,112.31,116.29,118.85
"강릉시","농축수산물",60.921,61.326,65.208,69.960,76.472,81.125,80.939,77.728,80.065,84.057,89.745,93.856,93.408,100.00,108.64,115.92,118.92,125.34
"강릉시","공업제품",79.155,86.219,87.657,90.711,95.565,98.217,98.954,99.479,98.033,96.998,98.848,100.437,100.488,100.00,102.80,111.53,113.88,115.52
"강릉시","전기 · 가스 · 수도",-,-,-,109.360,114.254,117.425,119.433,118.499,113.373,106.343,103.414,100.204,100.973,100.00,98.86,111.49,134.09,137.91
"강릉시","서비스",78.135,82.163,82.989,84.352,86.377,86.849,88.273,89.494,90.919,93.050,95.577,97.450,99.309,100.00,101.91,106.23,110.43,113.42
"강릉시","집세",87.509,88.517,88.823,88.830,89.608,92.132,95.081,96.623,97.612,98.786,99.566,100.183,100.168,100.00,100.10,101.23,102.15,103.47
"강릉시","공공서비스",91.272,96.543,94.914,97.623,97.192,96.948,97.745,98.281,99.300,100.494,101.454,101.684,101.932,100.00,101.02,102.50,104.54,105.59
"강릉시","개인서비스",71.494,75.505,77.254,78.340,81.565,81.995,83.445,84.916,86.606,89.269,92.717,95.412,98.180,100.00,102.61,108.68,114.41,118.48
"충청북도","총지수",78.748,82.789,84.806,87.300,91.148,92.938,94.104,95.220,95.073,95.613,97.524,99.122,99.487,100.00,102.69,108.52,112.39,114.83
"충청북도","상품",76.983,82.336,84.579,88.485,93.941,96.588,97.505,98.345,97.029,96.228,98.093,99.707,99.431,100.00,103.40,110.93,114.73,117.22
"충청북도","농축수산물",64.036,64.166,67.929,74.321,83.096,84.645,83.930,82.486,83.268,86.518,90.535,94.943,94.211,100.00,108.76,112.80,115.72,121.57
"충청북도","공업제품",78.763,85.655,87.342,90.302,95.021,97.813,98.694,99.676,98.530,97.651,99.336,100.788,100.476,100.00,102.74,110.67,112.82,114.50
"충청북도","전기 · 가스 · 수도",-,-,-,104.375,108.132,112.282,117.029,121.566,114.278,104.519,102.866,99.936,100.975,100.00,98.51,109.57,131.69,135.49
"충청북도","서비스",79.902,82.981,84.809,86.230,88.565,89.535,90.936,92.312,93.274,95.041,96.997,98.575,99.541,100.00,101.96,106.00,109.91,112.30
"충청북도","집세",89.038,89.702,90.198,90.701,92.991,95.733,98.630,99.824,100.332,101.073,101.461,101.049,100.401,100.00,100.35,101.73,102.72,103.18
"충청북도","공공서비스",92.363,94.571,96.363,97.485,97.461,96.740,97.476,98.574,98.989,100.116,100.597,100.705,100.687,100.00,101.98,103.38,104.92,106.26
"충청북도","개인서비스",73.337,77.102,79.170,80.857,84.091,85.425,86.868,88.386,89.631,91.854,94.724,97.262,98.911,100.00,102.31,108.01,113.42,116.61
"청주시","총지수",78.805,82.737,84.787,87.358,91.143,92.896,94.106,95.281,95.161,95.658,97.536,99.154,99.498,100.00,102.76,108.60,112.58,115.04
"청주시","상품",77.072,82.304,84.595,88.593,94.063,96.566,97.547,98.416,97.124,96.259,98.078,99.707,99.427,100.00,103.38,110.91,114.71,117.26
"청주시","농축수산물",63.963,63.948,67.449,74.323,83.509,84.512,83.957,82.689,83.367,86.409,90.391,95.174,94.397,100.00,108.51,112.70,115.12,121.19
"청주시","공업제품",78.854,85.654,87.445,90.361,94.999,97.734,98.679,99.667,98.582,97.704,99.361,100.747,100.441,100.00,102.75,110.67,112.87,114.59
"청주시","전기 · 가스 · 수도",-,-,-,105.013,108.802,113.008,117.611,122.100,114.773,104.655,102.757,99.838,100.863,100.00,98.70,109.65,132.09,135.88
"청주시","서비스",79.933,82.884,84.753,86.257,88.478,89.485,90.909,92.369,93.355,95.104,97.043,98.642,99.575,100.00,102.11,106.18,110.31,112.67
"청주시","집세",89.528,90.186,90.696,91.267,92.886,95.282,98.330,99.551,100.127,100.787,101.152,100.856,100.342,100.00,100.45,101.83,102.71,103.13
"청주시","공공서비스",92.394,94.528,96.291,97.452,97.493,96.832,97.596,98.740,99.226,100.376,100.776,100.952,100.805,100.00,102.01,103.51,105.15,106.50
"청주시","개인서비스",73.306,76.888,79.007,80.811,83.943,85.377,86.822,88.440,89.691,91.887,94.772,97.293,98.918,100.00,102.52,108.23,113.97,117.14
"충주시","총지수",78.498,82.939,84.845,87.024,91.085,93.030,94.044,94.957,94.723,95.430,97.464,98.986,99.436,100.00,102.45,108.21,111.66,114.04
"충주시","상품",76.642,82.345,84.497,88.118,93.470,96.611,97.309,98.035,96.639,96.107,98.161,99.710,99.452,100.00,103.46,110.98,114.80,117.07
"충주시","농축수산물",64.251,64.850,69.394,74.297,81.690,85.109,83.821,81.749,82.904,86.973,91.128,94.000,93.467,100.00,109.70,113.15,118.00,123.04
"충주시","공업제품",78.507,85.647,87.011,90.110,95.096,98.080,98.737,99.701,98.333,97.439,99.240,100.957,100.621,100.00,102.69,110.69,112.62,114.18
"충주시","전기 · 가스 · 수도",-,-,-,101.742,105.565,109.425,114.652,119.326,112.259,103.999,103.317,100.350,101.422,100.00,97.81,109.24,130.20,133.99
"충주시","서비스",79.743,83.186,84.948,86.067,88.857,89.691,91.007,92.093,92.958,94.802,96.818,98.313,99.417,100.00,101.38,105.32,108.41,110.88
"충주시","집세",87.600,88.208,88.767,89.019,93.662,97.477,99.817,100.933,101.176,102.237,102.734,101.831,100.648,100.00,99.98,101.32,102.71,103.39
"충주시","공공서비스",92.206,94.628,96.512,97.450,97.239,96.312,96.952,97.850,98.048,99.098,99.891,99.744,100.198,100.00,101.85,102.91,104.07,105.39
"충주시","개인서비스",73.392,77.694,79.573,80.904,84.538,85.571,87.010,88.168,89.396,91.724,94.537,97.127,98.882,100.00,101.51,107.19,111.34,114.61
"충청남도","총지수",79.220,83.120,85.387,87.954,91.561,93.753,94.867,95.309,95.515,96.171,98.036,99.437,99.343,100.00,102.77,108.74,112.35,114.57
"충청남도","상품",77.267,82.225,84.714,88.810,94.184,96.967,97.550,97.969,96.996,96.226,98.193,99.484,99.161,100.00,103.61,111.70,115.39,117.78
"충청남도","농축수산물",63.727,63.435,66.720,73.942,81.423,83.912,82.163,79.582,82.854,85.715,90.154,93.611,92.529,100.00,108.97,114.08,117.44,123.36
"충청남도","공업제품",79.253,85.760,87.927,90.870,95.755,98.453,99.183,99.967,98.718,97.925,99.557,100.786,100.432,100.00,102.73,111.15,113.24,114.79
"충청남도","전기 · 가스 · 수도",-,-,-,104.252,108.752,112.905,117.739,122.075,113.412,103.957,103.020,100.032,101.736,100.00,99.39,111.46,134.00,137.56
"충청남도","서비스",80.412,83.566,85.675,87.124,88.997,90.623,92.260,92.724,94.098,96.118,97.881,99.390,99.518,100.00,101.86,105.54,109.06,111.12
"충청남도","집세",83.545,84.400,84.911,85.921,88.700,93.352,97.188,99.642,101.667,102.431,102.555,101.686,100.397,100.00,101.17,103.20,104.61,105.16
"충청남도","공공서비스",93.748,95.909,97.936,99.861,99.428,98.832,99.897,100.993,101.966,103.016,104.107,104.257,100.873,100.00,101.18,100.82,101.07,102.38
"충청남도","개인서비스",74.844,78.739,81.136,82.488,85.080,86.977,88.442,88.253,89.674,92.291,94.606,97.071,98.827,100.00,102.28,107.88,113.14,115.82
"천안시","총지수",79.062,83.035,85.379,87.876,91.361,93.667,94.758,95.234,95.580,96.214,98.112,99.402,99.470,100.00,102.68,108.62,112.18,114.29
"천안시","상품",77.486,82.358,84.888,89.056,94.452,97.250,97.700,98.031,97.178,96.366,98.375,99.532,99.264,100.00,103.52,111.64,115.45,117.70
"천안시","농축수산물",64.704,63.791,67.018,74.313,81.547,84.230,81.986,79.182,83.088,85.858,90.706,93.511,92.341,100.00,108.85,113.97,117.93,123.16
"천안시","공업제품",79.206,85.804,88.010,91.051,95.998,98.678,99.373,100.088,98.878,98.082,99.643,100.845,100.578,100.00,102.66,111.10,113.25,114.77
"천안시","전기 · 가스 · 수도",-,-,-,104.835,109.395,113.660,118.372,122.766,113.693,103.965,103.092,100.244,101.985,100.00,99.10,111.47,133.62,137.07
"천안시","서비스",79.886,83.190,85.389,86.664,88.368,90.202,91.914,92.536,94.055,96.075,97.860,99.283,99.669,100.00,101.78,105.35,108.67,110.65
"천안시","집세",81.784,82.888,83.221,84.104,86.704,91.814,96.239,99.196,101.711,102.555,102.873,101.784,100.387,100.00,101.37,103.50,104.81,105.12
"천안시","공공서비스",93.881,96.181,98.378,100.266,99.740,99.138,100.333,101.504,102.446,103.479,104.439,104.610,101.319,100.00,101.01,100.59,100.75,102.02
"천안시","개인서비스",74.328,78.341,80.877,81.990,84.361,86.519,87.929,87.864,89.442,92.043,94.405,96.768,98.897,100.00,102.17,107.60,112.59,115.20
"아산시","총지수",-,-,-,-,-,-,-,-,95.331,96.045,97.772,99.368,98.983,100.00,102.82,108.90,112.72,114.98
"아산시","상품",-,-,-,-,-,-,-,-,96.857,96.261,98.050,99.519,98.947,100.00,103.75,111.68,115.25,117.92
"아산시","농축수산물",-,-,-,-,-,-,-,-,83.113,86.631,90.231,94.953,92.959,100.00,109.74,114.07,116.90,123.73
"아산시","공업제품",-,-,-,-,-,-,-,-,98.471,97.750,99.428,100.642,100.171,100.00,102.80,111.13,113.21,114.92
"아산시","전기 · 가스 · 수도",-,-,-,-,-,-,-,-,113.262,103.786,102.146,98.893,100.482,100.00,98.69,111.42,133.55,137.25
"아산시","서비스",-,-,-,-,-,-,-,-,93.868,95.837,97.504,99.220,99.015,100.00,101.83,105.90,109.93,111.81
"아산시","집세",-,-,-,-,-,-,-,-,100.761,101.488,101.246,101.007,100.200,100.00,101.15,103.43,105.35,106.32
"아산시","공공서비스",-,-,-,-,-,-,-,-,101.099,101.946,102.999,103.197,99.773,100.00,101.15,101.09,101.26,102.51
"아산시","개인서비스",-,-,-,-,-,-,-,-,89.771,92.397,94.641,97.319,98.493,100.00,102.24,108.31,114.32,116.64
"서산시","총지수",79.964,83.633,85.910,88.471,92.394,94.460,95.699,95.796,95.598,96.227,98.243,99.713,99.522,100.00,102.97,108.90,112.30,114.87
"서산시","상품",76.647,81.649,84.087,87.822,93.187,96.231,97.267,97.634,96.464,95.535,97.720,99.205,99.163,100.00,103.70,111.96,115.44,117.85
"서산시","농축수산물",61.099,61.552,65.202,71.281,79.474,82.468,82.117,79.453,81.328,83.280,87.621,91.350,92.487,100.00,107.98,114.51,116.65,123.39
"서산시","공업제품",79.330,85.719,87.649,90.438,95.149,98.042,98.957,99.726,98.517,97.608,99.419,100.834,100.330,100.00,102.86,111.38,113.26,114.65
"서산시","전기 · 가스 · 수도",-,-,-,102.844,107.025,111.219,116.704,120.760,112.582,104.342,104.570,101.531,103.272,100.00,101.71,111.56,136.38,140.15
"서산시","서비스",82.634,85.306,87.468,89.172,91.639,92.693,94.141,93.969,94.754,96.894,98.748,100.200,99.866,100.00,102.19,105.61,108.92,111.62
"서산시","집세",91.076,90.639,91.268,93.103,97.175,100.798,102.313,103.130,103.347,103.817,103.805,102.635,100.815,100.00,100.45,101.61,102.47,103.17
"서산시","공공서비스",94.376,96.037,97.699,99.617,99.783,99.221,99.958,100.893,101.724,103.251,104.975,104.962,101.177,100.00,101.82,101.23,101.97,103.50
"서산시","개인서비스",76.655,80.215,82.783,84.390,87.462,88.721,90.466,89.639,90.507,93.175,95.407,97.902,99.182,100.00,102.74,108.21,113.07,116.67
"전라북도","총지수",78.253,82.090,84.482,87.250,91.066,93.051,94.173,95.233,95.205,95.718,97.492,99.158,99.467,100.00,102.59,108.06,111.62,114.24
"전라북도","상품",76.514,81.569,83.973,88.233,93.791,96.990,98.016,98.574,97.000,96.149,97.828,99.636,99.124,100.00,103.22,110.28,114.45,117.15
"전라북도","농축수산물",61.179,61.549,64.864,71.829,79.683,83.393,84.095,81.156,82.994,86.346,89.444,93.796,92.838,100.00,108.21,111.27,116.64,123.47
"전라북도","공업제품",79.549,86.229,88.188,91.213,96.011,98.749,99.432,100.569,98.804,97.819,99.532,101.210,100.596,100.00,102.61,110.14,112.29,113.94
"전라북도","전기 · 가스 · 수도",-,-,-,104.356,109.382,114.353,118.976,123.037,114.959,104.972,102.872,99.851,101.262,100.00,97.84,109.38,130.34,133.96
"전라북도","서비스",79.593,82.481,84.842,86.383,88.485,89.262,90.477,92.010,93.457,95.298,97.160,98.687,99.805,100.00,101.88,105.55,108.51,111.04
"전라북도","집세",88.469,89.202,89.442,89.850,92.395,95.487,97.916,98.686,98.861,99.258,99.918,100.164,100.189,100.00,100.26,100.94,101.25,101.51
"전라북도","공공서비스",92.257,94.061,96.052,97.016,96.846,97.144,97.948,98.948,99.751,100.803,102.245,102.585,101.985,100.00,101.39,102.85,103.06,104.08
"전라북도","개인서비스",72.792,76.458,79.314,81.297,84.346,84.988,86.201,88.056,89.935,92.336,94.565,96.807,98.829,100.00,102.43,107.68,112.32,115.95
"전주시","총지수",78.200,82.032,84.483,87.195,90.974,92.936,94.009,95.075,95.003,95.641,97.422,99.206,99.562,100.00,102.58,107.90,111.33,113.84
"전주시","상품",76.545,81.633,84.047,88.226,93.755,97.074,98.034,98.569,96.879,96.126,97.773,99.779,99.253,100.00,103.23,110.07,114.21,116.93
"전주시","농축수산물",62.159,62.360,65.237,71.937,79.891,83.980,84.498,81.358,82.703,86.659,89.455,94.724,93.527,100.00,108.46,111.14,116.69,123.57
"전주시","공업제품",79.311,86.067,88.239,91.315,95.941,98.651,99.278,100.404,98.680,97.687,99.430,101.140,100.564,100.00,102.59,109.90,111.96,113.66
"전주시","전기 · 가스 · 수도",-,-,-,104.061,109.360,114.867,119.600,123.810,115.359,105.095,103.038,99.987,101.421,100.00,97.70,109.32,130.40,133.78
"전주시","서비스",79.408,82.265,84.722,86.303,88.361,88.971,90.151,91.718,93.172,95.164,97.078,98.643,99.865,100.00,101.84,105.45,108.18,110.47
"전주시","집세",86.821,87.840,87.997,88.347,91.078,94.208,96.337,96.972,97.114,97.889,98.963,99.927,100.155,100.00,100.32,101.09,100.84,100.59
"전주시","공공서비스",92.390,94.098,96.143,97.097,97.235,97.649,98.440,99.379,100.246,101.421,102.904,102.907,102.150,100.00,101.30,102.59,102.88,103.85
"전주시","개인서비스",72.752,76.390,79.377,81.420,84.235,84.561,85.764,87.710,89.585,92.111,94.337,96.651,98.869,100.00,102.39,107.60,111.95,115.31
"군산시","총지수",78.109,81.928,84.323,87.066,90.911,92.914,94.254,95.342,95.447,95.774,97.470,98.847,99.244,100.00,102.57,107.99,111.87,114.47
"군산시","상품",76.386,81.313,83.901,88.077,93.721,96.634,98.000,98.633,97.417,96.210,97.983,99.511,99.110,100.00,103.05,110.24,114.47,117.17
"군산시","농축수산물",59.945,60.066,64.618,71.490,79.395,82.231,84.010,81.346,84.423,86.413,89.759,92.687,92.291,100.00,107.94,110.74,115.70,123.57
"군산시","공업제품",79.591,86.125,87.872,90.847,95.768,98.554,99.398,100.567,98.982,97.884,99.650,101.333,100.719,100.00,102.43,110.19,112.53,113.98
"군산시","전기 · 가스 · 수도",-,-,-,105.965,110.327,114.460,119.053,123.119,114.814,104.837,102.872,99.858,101.267,100.00,97.97,109.54,130.42,133.65
"군산시","서비스",79.368,82.305,84.558,86.151,88.219,89.324,90.639,92.162,93.532,95.348,96.962,98.198,99.375,100.00,102.03,105.45,108.98,111.48
"군산시","집세",92.251,92.511,92.785,93.370,95.681,99.098,102.320,103.054,103.209,103.011,102.848,102.060,100.576,100.00,100.22,100.47,101.68,102.75
"군산시","공공서비스",91.844,93.647,95.649,96.744,96.083,96.069,96.950,98.228,98.735,99.367,100.552,101.242,101.197,100.00,101.92,103.98,104.08,104.91
"군산시","개인서비스",72.020,75.796,78.456,80.433,83.703,84.944,86.178,87.907,89.784,92.403,94.462,96.267,98.401,100.00,102.45,107.12,112.51,115.98
"익산시","총지수",-,-,-,-,-,-,-,-,95.441,95.852,97.671,99.341,99.466,100.00,102.64,108.48,112.06,114.93
"익산시","상품",-,-,-,-,-,-,-,-,96.874,96.144,97.808,99.420,98.841,100.00,103.34,110.80,114.98,117.60
"익산시","농축수산물",-,-,-,-,-,-,-,-,82.355,85.588,89.129,92.720,91.796,100.00,107.91,112.05,117.39,123.10
"익산시","공업제품",-,-,-,-,-,-,-,-,98.912,98.050,99.642,101.246,100.536,100.00,102.83,110.65,112.85,114.54
"익산시","전기 · 가스 · 수도",-,-,-,-,-,-,-,-,114.119,104.808,102.508,99.530,100.890,100.00,98.05,109.34,130.06,134.64
"익산시","서비스",-,-,-,-,-,-,-,-,94.026,95.555,97.533,99.256,100.078,100.00,101.83,105.86,108.83,111.95
"익산시","집세",-,-,-,-,-,-,-,-,98.953,98.999,99.436,99.007,99.919,100.00,100.17,101.03,101.79,102.47
"익산시","공공서비스",-,-,-,-,-,-,-,-,99.631,100.794,102.370,103.155,102.377,100.00,101.12,102.36,102.51,103.85
"익산시","개인서비스",-,-,-,-,-,-,-,-,90.868,92.784,95.173,97.659,99.137,100.00,102.49,108.38,112.99,117.36
"전라남도","총지수",77.947,81.673,83.952,86.753,90.635,92.434,93.687,94.627,94.595,95.486,97.508,98.971,99.300,100.00,102.62,108.43,112.21,115.03
"전라남도","상품",75.496,80.384,82.981,87.199,92.488,95.744,96.662,97.295,95.888,95.698,97.613,99.043,98.914,100.00,103.19,110.74,114.87,117.84
"전라남도","농축수산물",60.546,60.823,65.953,73.738,79.041,83.080,83.136,81.657,82.107,86.316,90.298,93.213,93.080,100.00,107.15,110.67,115.82,123.35
"전라남도","공업제품",78.827,85.327,86.878,89.561,94.935,97.840,98.682,99.655,98.188,97.404,99.172,100.604,100.384,100.00,102.62,110.82,113.07,114.77
"전라남도","전기 · 가스 · 수도",-,-,-,104.911,109.229,112.694,117.242,121.144,114.252,106.374,103.209,100.039,100.924,100.00,98.27,110.03,131.32,134.79
"전라남도","서비스",79.725,82.524,84.526,86.201,88.722,89.133,90.709,91.940,93.243,95.258,97.391,98.890,99.727,100.00,101.97,105.82,109.22,111.90
"전라남도","집세",83.768,84.977,86.088,87.852,89.939,93.129,95.440,96.583,97.125,97.432,98.117,98.924,99.743,100.00,100.58,101.77,102.39,102.52
"전라남도","공공서비스",93.738,95.768,97.550,98.791,98.182,97.128,98.208,99.179,99.980,101.390,103.487,103.435,102.009,100.00,101.18,101.87,102.66,104.18
"전라남도","개인서비스",73.213,76.593,78.860,80.703,84.604,85.276,86.990,88.347,89.966,92.443,94.762,96.992,98.773,100.00,102.53,108.11,113.06,116.64
"목포시","총지수",77.965,81.780,84.183,86.761,90.520,92.567,93.752,94.501,94.448,95.737,97.823,99.052,99.074,100.00,102.76,108.19,111.80,114.77
"목포시","상품",75.113,80.058,82.904,86.817,92.264,95.403,96.182,96.633,95.456,95.484,97.581,99.106,98.788,100.00,103.44,110.43,114.45,117.73
"목포시","농축수산물",59.000,59.606,65.436,72.394,78.391,82.173,81.809,79.797,81.174,86.189,90.574,93.623,92.372,100.00,108.68,110.76,115.57,124.50
"목포시","공업제품",78.762,85.234,86.797,89.347,94.768,97.634,98.428,99.334,97.898,97.167,99.083,100.591,100.399,100.00,102.59,110.41,112.63,114.41
"목포시","전기 · 가스 · 수도",-,-,-,106.059,109.567,112.990,117.417,121.107,114.179,106.213,102.844,99.858,101.015,100.00,98.18,109.72,130.79,134.09
"목포시","서비스",80.142,83.041,85.124,86.630,88.782,89.734,91.318,92.361,93.411,96.015,98.088,98.992,99.391,100.00,101.99,105.64,108.83,111.48
"목포시","집세",88.596,89.584,90.727,91.900,93.813,97.151,98.242,98.688,98.964,99.240,99.767,99.901,100.059,100.00,100.42,101.33,101.41,101.75
"목포시","공공서비스",92.890,95.155,96.916,98.533,97.835,97.612,98.362,99.260,100.262,101.498,103.390,103.219,101.902,100.00,101.06,102.04,102.62,104.11
"목포시","개인서비스",73.550,77.059,79.447,80.941,84.307,85.514,87.522,88.697,89.858,93.330,95.653,97.099,98.251,100.00,102.63,107.83,112.61,116.12
"여수시","총지수",77.424,81.051,82.923,85.813,90.010,91.863,93.293,94.098,94.083,94.764,96.907,98.527,99.231,100.00,102.48,108.59,112.47,115.08
"여수시","상품",75.743,80.723,82.716,87.114,92.536,95.866,96.703,97.156,95.567,95.219,96.967,98.481,98.674,100.00,103.08,110.91,115.05,117.69
"여수시","농축수산물",61.644,61.850,65.358,73.789,79.661,83.823,83.767,81.106,81.196,84.763,88.563,91.329,92.166,100.00,106.70,111.41,116.58,122.60
"여수시","공업제품",78.613,85.233,86.617,89.349,94.762,97.755,98.525,99.600,98.018,97.236,98.837,100.414,100.332,100.00,102.60,110.87,113.12,114.78
"여수시","전기 · 가스 · 수도",-,-,-,106.437,110.109,113.541,118.060,121.894,114.669,106.288,102.941,99.884,101.093,100.00,98.09,109.90,131.40,134.78
"여수시","서비스",78.463,80.986,82.733,84.424,87.456,87.920,89.917,91.056,92.540,94.293,96.838,98.578,99.847,100.00,101.81,105.97,109.57,112.14
"여수시","집세",78.492,79.497,80.798,82.262,84.380,88.017,91.948,93.901,94.893,95.624,96.759,97.866,99.550,100.00,100.52,101.91,102.93,103.98
"여수시","공공서비스",94.166,95.993,97.858,98.922,97.908,95.932,97.930,99.136,99.896,101.527,103.375,103.414,102.065,100.00,101.52,101.99,102.90,104.35
"여수시","개인서비스",71.762,74.884,76.686,78.660,83.477,84.545,86.307,87.320,89.189,91.110,94.134,96.658,98.962,100.00,102.14,108.28,113.41,116.71
"순천시","총지수",78.557,82.307,84.846,87.772,91.444,92.898,94.039,95.328,95.306,96.007,97.837,99.362,99.595,100.00,102.63,108.49,112.29,115.21
"순천시","상품",75.671,80.433,83.409,87.717,92.701,95.948,97.113,98.143,96.670,96.426,98.324,99.572,99.292,100.00,103.08,110.83,115.04,118.07
"순천시","농축수산물",61.137,61.237,67.293,75.201,79.086,83.265,83.929,84.317,84.094,88.151,91.890,94.821,94.753,100.00,106.29,109.82,115.26,123.11
"순천시","공업제품",79.120,85.564,87.257,89.998,95.248,98.128,99.114,100.045,98.663,97.817,99.616,100.825,100.437,100.00,102.67,111.11,113.40,115.07
"순천시","전기 · 가스 · 수도",-,-,-,102.111,107.981,111.485,116.197,120.395,113.888,106.631,103.850,100.392,100.648,100.00,98.53,110.42,131.70,135.41
"순천시","서비스",80.738,83.707,85.895,87.729,90.105,89.812,90.923,92.463,93.855,95.540,97.300,99.128,99.929,100.00,102.13,105.82,109.22,112.01
"순천시","집세",84.896,86.514,87.423,90.053,92.199,94.676,96.437,97.392,97.712,97.592,97.952,99.102,99.628,100.00,100.79,102.00,102.67,101.67
"순천시","공공서비스",94.179,96.215,97.928,98.999,98.842,97.913,98.373,99.157,99.779,101.127,103.688,103.669,102.049,100.00,100.93,101.61,102.46,104.07
"순천시","개인서비스",74.520,78.063,80.694,82.678,86.192,85.834,87.159,89.102,90.964,93.006,94.558,97.242,99.083,100.00,102.84,108.19,113.10,117.02
"경상북도","총지수",79.241,83.437,85.409,88.111,91.863,93.713,94.798,95.758,95.795,96.452,98.240,99.703,99.875,100.00,102.74,108.74,112.39,114.88
"경상북도","상품",76.661,82.001,84.066,88.503,93.967,96.805,97.491,98.314,97.083,96.316,98.295,100.150,99.569,100.00,103.58,111.56,115.21,117.64
"경상북도","농축수산물",61.850,62.237,66.624,74.900,82.590,85.386,84.764,83.526,84.822,88.068,91.882,96.614,94.227,100.00,108.32,113.16,116.78,122.48
"경상북도","공업제품",79.453,86.321,87.530,90.529,95.380,98.089,98.744,99.674,98.476,97.555,99.408,101.046,100.675,100.00,102.89,111.28,113.33,114.97
"경상북도","전기 · 가스 · 수도",-,-,-,103.736,108.481,112.596,116.751,121.711,113.950,104.061,102.374,99.531,101.171,100.00,98.05,110.24,132.22,135.42
"경상북도","서비스",81.278,84.540,86.435,87.718,89.801,90.684,92.156,93.251,94.515,96.594,98.192,99.265,100.175,100.00,101.83,105.70,109.33,111.87
"경상북도","집세",94.667,95.245,95.229,95.386,96.825,98.775,100.888,102.246,102.929,103.391,103.105,102.126,100.771,100.00,100.43,101.30,102.11,102.26
"경상북도","공공서비스",93.366,95.935,97.318,98.629,98.505,98.342,98.987,99.677,100.380,102.036,102.820,102.842,102.018,100.00,101.04,101.76,102.82,104.19
"경상북도","개인서비스",74.916,78.743,81.037,82.427,85.367,86.522,88.248,89.471,91.041,93.510,95.683,97.458,99.372,100.00,102.42,108.13,113.23,116.64
"포항시","총지수",78.961,83.096,84.923,87.494,90.972,93.166,94.446,95.313,95.603,96.484,98.392,99.748,99.903,100.00,102.67,108.64,112.40,114.87
"포항시","상품",77.195,82.313,84.003,88.373,93.815,96.813,97.459,98.181,97.275,96.484,98.635,100.328,99.609,100.00,103.56,111.30,115.31,117.73
"포항시","농축수산물",63.642,63.319,67.003,74.492,82.611,85.194,84.172,81.881,84.374,87.721,93.001,96.815,93.837,100.00,108.34,111.94,117.38,122.79
"포항시","공업제품",79.577,86.385,87.378,90.533,95.264,98.116,98.752,99.789,98.755,97.796,99.513,101.174,100.771,100.00,102.90,111.30,113.40,115.09
"포항시","전기 · 가스 · 수도",-,-,-,103.104,107.805,113.372,118.334,123.694,115.474,105.200,103.150,100.066,101.511,100.00,97.72,109.70,131.69,134.76
"포항시","서비스",80.199,83.554,85.453,86.600,88.165,89.632,91.513,92.520,93.949,96.492,98.158,99.181,100.199,100.00,101.71,105.76,109.27,111.78
"포항시","집세",97.344,97.637,97.019,97.075,98.378,99.569,100.881,101.749,102.541,103.428,102.919,102.089,101.027,100.00,100.14,100.84,101.52,102.06
"포항시","공공서비스",92.740,94.784,96.588,97.594,97.618,97.797,98.656,99.629,100.224,102.543,103.233,103.259,102.131,100.00,100.74,101.35,102.42,104.11
"포항시","개인서비스",73.296,77.418,79.644,80.954,83.106,85.049,87.418,88.456,90.305,93.163,95.502,97.180,99.331,100.00,102.40,108.48,113.43,116.59
"경주시","총지수",79.772,84.007,86.274,88.979,92.479,94.450,95.457,96.097,95.674,96.422,98.332,100.026,99.949,100.00,102.47,108.44,111.87,114.29
"경주시","상품",76.711,81.958,84.009,88.480,93.559,96.388,97.316,98.255,96.713,96.070,98.139,99.980,99.629,100.00,103.24,111.44,114.86,117.39
"경주시","농축수산물",63.152,62.860,66.450,75.769,82.551,85.417,85.640,84.982,85.033,88.594,91.744,96.052,94.477,100.00,107.36,113.22,115.53,121.39
"경주시","공업제품",79.196,86.131,87.627,90.385,95.108,97.772,98.352,99.332,98.130,97.209,99.243,100.885,100.642,100.00,102.72,111.16,113.20,114.93
"경주시","전기 · 가스 · 수도",-,-,-,101.525,105.425,109.757,115.444,119.877,111.495,102.677,102.234,100.152,101.666,100.00,97.72,109.67,131.49,134.78
"경주시","서비스",82.367,85.767,88.222,89.479,91.395,92.520,93.605,93.954,94.628,96.774,98.521,100.080,100.269,100.00,101.65,105.19,108.61,110.93
"경주시","집세",99.490,100.000,100.420,100.880,102.318,103.309,104.067,104.612,104.823,105.032,104.713,103.799,100.676,100.00,100.30,100.71,100.93,101.14
"경주시","공공서비스",95.039,97.674,99.485,100.549,99.544,99.528,100.019,100.377,101.166,102.609,103.283,103.341,102.189,100.00,100.70,101.07,102.10,103.33
"경주시","개인서비스",75.425,79.418,82.325,83.747,86.754,88.303,89.677,89.995,90.682,93.355,95.790,98.279,99.464,100.00,102.28,107.72,112.60,115.72
"안동시","총지수",78.393,82.420,84.302,87.546,91.697,93.441,93.942,94.773,95.098,96.025,97.869,99.524,99.978,100.00,102.93,109.10,112.38,114.98
"안동시","상품",75.608,80.964,84.078,88.916,94.081,97.044,97.098,97.448,96.614,96.313,98.174,100.193,100.089,100.00,103.64,111.77,115.04,117.85
"안동시","농축수산물",58.411,59.250,66.740,75.254,80.033,84.993,84.672,82.028,84.188,88.997,92.104,97.425,97.180,100.00,108.94,113.83,115.61,123.49
"안동시","공업제품",78.334,84.965,86.477,89.891,94.880,97.779,98.437,99.232,98.006,97.324,99.248,100.936,100.681,100.00,102.80,111.36,113.32,115.03
"안동시","전기 · 가스 · 수도",-,-,-,114.513,122.194,119.893,115.120,119.100,114.141,103.934,101.790,99.195,101.078,100.00,98.29,110.76,132.54,135.19
"안동시","서비스",80.442,83.370,84.252,86.168,89.342,89.933,90.860,92.155,93.592,95.742,97.566,98.877,99.870,100.00,102.16,106.22,109.49,111.88
"안동시","집세",90.253,90.215,90.381,91.348,93.662,95.823,98.638,100.591,101.156,101.273,101.286,101.453,100.271,100.00,100.83,101.74,102.72,103.28
"안동시","공공서비스",92.161,97.538,96.223,98.918,99.486,99.273,99.883,100.396,101.134,102.054,102.602,102.585,101.980,100.00,101.21,102.16,103.06,104.27
"안동시","개인서비스",74.632,77.089,78.791,80.600,84.798,85.447,86.254,87.778,89.620,92.514,95.070,97.055,98.990,100.00,102.80,108.70,113.29,116.45
"구미시","총지수",79.694,84.035,85.995,88.603,92.709,94.066,95.161,96.477,96.372,96.594,98.143,99.523,99.758,100.00,102.91,108.91,112.72,115.24
"구미시","상품",76.506,82.213,84.221,88.596,94.376,96.976,97.780,98.830,97.243,96.255,98.013,100.025,99.306,100.00,103.79,111.85,115.38,117.61
"구미시","농축수산물",60.392,61.973,66.328,74.825,83.499,85.805,85.071,85.321,85.562,87.915,90.563,96.425,93.515,100.00,108.67,114.31,117.30,122.35
"구미시","공업제품",79.881,86.866,88.013,90.802,95.878,98.360,99.095,99.901,98.512,97.553,99.435,101.017,100.572,100.00,103.04,111.30,113.33,114.83
"구미시","전기 · 가스 · 수도",-,-,-,102.275,106.765,110.990,116.200,121.349,113.530,103.582,101.738,98.673,100.512,100.00,98.58,111.05,133.19,136.74
"구미시","서비스",82.305,85.512,87.471,88.648,91.034,91.212,92.588,94.154,95.493,96.928,98.272,99.025,100.204,100.00,101.97,105.73,109.79,112.58
"구미시","집세",90.516,91.734,92.111,91.719,93.010,96.300,99.876,102.075,102.934,103.134,103.039,101.425,100.667,100.00,100.71,102.07,103.37,102.82
"구미시","공공서비스",93.672,95.561,97.318,98.644,98.521,97.995,98.471,99.082,99.852,101.081,102.130,102.141,101.790,100.00,101.57,102.54,103.69,104.80
"구미시","개인서비스",76.768,80.708,82.943,84.214,87.681,87.731,89.185,91.065,92.705,94.399,96.064,97.452,99.510,100.00,102.37,107.71,113.36,117.35
"경상남도","총지수",77.899,81.878,84.271,87.111,90.778,92.520,93.723,94.997,95.521,96.405,97.952,99.304,99.385,100.00,102.53,107.98,111.76,114.25
"경상남도","상품",76.095,81.082,83.944,88.261,93.137,96.265,96.985,97.867,96.763,96.221,97.785,99.428,99.127,100.00,103.28,110.54,114.63,117.33
"경상남도","농축수산물",62.959,63.254,67.864,75.696,82.219,86.454,85.369,83.376,84.132,87.422,90.649,94.758,93.736,100.00,107.70,111.44,115.55,122.31
"경상남도","공업제품",78.606,85.120,87.278,90.242,94.740,97.418,98.200,99.437,98.485,97.764,99.183,100.624,100.369,100.00,102.61,110.36,112.96,114.60
"경상남도","전기 · 가스 · 수도",-,-,-,103.318,107.924,112.210,116.863,121.295,113.961,104.659,103.108,100.035,101.271,100.00,98.26,110.01,131.72,136.13
"경상남도","서비스",79.268,82.423,84.462,86.169,88.682,89.200,90.821,92.447,94.406,96.575,98.107,99.189,99.615,100.00,101.79,105.44,108.92,111.23
"경상남도","집세",86.549,87.839,88.739,89.905,94.289,99.341,101.756,103.188,103.852,104.251,104.515,103.154,101.233,100.00,100.42,101.96,102.86,103.19
"경상남도","공공서비스",91.406,93.380,95.448,96.343,95.990,95.266,96.455,97.678,98.747,100.581,101.602,102.043,101.343,100.00,100.82,101.74,102.79,103.75
"경상남도","개인서비스",73.474,77.304,79.509,81.569,84.798,84.988,86.659,88.480,91.017,93.603,95.543,97.320,98.623,100.00,102.44,107.61,112.44,115.59
"창원시","총지수",78.301,82.340,84.723,87.557,91.198,93.002,94.076,95.587,96.142,96.958,98.461,99.615,99.436,100.00,102.62,107.92,111.72,114.11
"창원시","상품",76.704,81.734,84.490,88.797,93.644,96.714,97.184,98.252,97.245,96.594,98.219,99.703,99.193,100.00,103.31,110.27,114.38,116.87
"창원시","농축수산물",65.029,65.495,69.962,77.681,83.967,87.974,86.237,84.624,85.772,88.604,91.963,95.502,93.835,100.00,108.33,110.79,114.60,119.99
"창원시","공업제품",78.764,85.221,87.315,90.343,94.823,97.533,98.113,99.454,98.557,97.853,99.408,100.806,100.432,100.00,102.53,110.22,112.92,114.53
"창원시","전기 · 가스 · 수도",-,-,-,103.803,108.474,112.787,117.550,122.446,115.034,105.453,103.049,99.835,101.087,100.00,97.97,109.34,130.74,135.90
"창원시","서비스",79.486,82.742,84.842,86.496,89.054,89.702,91.317,93.219,95.152,97.291,98.684,99.537,99.660,100.00,101.94,105.57,109.09,111.38
"창원시","집세",85.634,86.863,88.085,89.485,94.019,99.299,102.374,104.485,105.399,105.863,105.937,103.712,101.411,100.00,100.89,102.86,104.04,104.86
"창원시","공공서비스",91.320,93.398,95.469,96.330,95.839,95.134,96.388,98.160,99.186,100.905,101.661,102.327,101.570,100.00,100.85,101.76,102.81,103.87
"창원시","개인서비스",74.025,78.001,80.223,82.175,85.517,85.831,87.349,89.272,91.754,94.330,96.189,97.654,98.570,100.00,102.58,107.65,112.49,115.51
"김해시","총지수",76.263,80.122,82.736,85.695,89.537,91.473,92.849,93.802,94.464,95.528,97.191,98.752,99.167,100.00,102.48,108.04,111.90,114.31
"김해시","상품",74.512,79.496,82.685,86.953,92.128,95.380,96.294,96.935,95.775,95.427,96.736,98.726,98.851,100.00,103.41,110.87,115.07,117.80
"김해시","농축수산물",58.613,59.015,63.750,71.126,78.701,83.697,82.472,79.711,80.265,84.369,87.552,92.812,93.077,100.00,107.95,112.69,117.50,124.24
"김해시","공업제품",77.698,84.237,86.709,89.659,94.230,96.889,97.984,99.164,98.165,97.458,98.586,100.194,100.162,100.00,102.66,110.32,112.80,114.55
"김해시","전기 · 가스 · 수도",-,-,-,106.495,110.717,114.710,119.402,123.354,115.954,106.267,103.874,100.534,101.796,100.00,99.13,112.09,135.21,139.04
"김해시","서비스",77.548,80.539,82.716,84.653,87.312,88.019,89.800,91.032,93.296,95.627,97.613,98.773,99.460,100.00,101.55,105.22,108.76,110.88
"김해시","집세",85.588,86.522,87.227,87.847,93.689,100.147,102.246,102.852,103.302,103.836,104.198,103.280,101.117,100.00,100.01,100.88,101.87,101.88
"김해시","공공서비스",91.208,93.258,95.329,96.296,96.119,95.303,96.256,96.757,98.001,100.008,101.593,101.704,101.151,100.00,100.73,101.66,102.82,103.81
"김해시","개인서비스",71.220,74.813,77.247,79.701,82.775,83.048,85.110,86.729,89.687,92.434,94.836,96.792,98.480,100.00,102.16,107.48,112.35,115.28
"양산시","총지수",-,-,-,-,-,-,-,-,-,-,-,-,-,100.00,102.28,108.34,112.05,114.72
"양산시","상품",-,-,-,-,-,-,-,-,-,-,-,-,-,100.00,102.85,110.84,114.94,117.68
"양산시","농축수산물",-,-,-,-,-,-,-,-,-,-,-,-,-,100.00,105.78,112.55,116.42,123.74
"양산시","공업제품",-,-,-,-,-,-,-,-,-,-,-,-,-,100.00,102.54,110.55,113.24,114.90
"양산시","전기 · 가스 · 수도",-,-,-,-,-,-,-,-,-,-,-,-,-,100.00,97.92,109.30,130.39,134.00
"양산시","서비스",-,-,-,-,-,-,-,-,-,-,-,-,-,100.00,101.72,105.85,109.19,111.79
"양산시","집세",-,-,-,-,-,-,-,-,-,-,-,-,-,100.00,100.19,101.62,102.38,101.75
"양산시","공공서비스",-,-,-,-,-,-,-,-,-,-,-,-,-,100.00,100.78,101.70,102.75,103.58
"양산시","개인서비스",-,-,-,-,-,-,-,-,-,-,-,-,-,100.00,102.39,108.33,112.99,116.81
"진주시","총지수",79.074,82.976,85.163,87.949,91.284,92.640,94.007,94.975,95.184,96.007,97.522,99.167,99.535,100.00,102.59,107.77,111.43,114.16
"진주시","상품",76.492,81.412,84.132,88.536,93.169,96.180,97.475,98.090,96.745,96.232,98.020,99.624,99.345,100.00,103.40,110.56,114.47,117.66
"진주시","농축수산물",63.394,63.077,67.913,76.739,82.379,86.120,87.386,85.312,85.099,88.494,91.418,95.502,94.459,100.00,107.39,110.41,114.62,124.74
"진주시","공업제품",79.415,86.005,87.960,90.805,95.141,97.819,98.816,99.789,98.752,97.962,99.384,100.708,100.491,100.00,102.86,110.67,113.03,114.60
"진주시","전기 · 가스 · 수도",-,-,-,97.701,102.455,106.977,111.236,114.843,107.804,99.858,102.124,99.872,101.025,100.00,98.14,109.57,130.79,134.68
"진주시","서비스",81.179,84.286,86.029,87.562,89.685,89.483,90.911,92.193,93.785,95.792,97.070,98.750,99.712,100.00,101.79,104.99,108.41,110.74
"진주시","집세",92.029,93.967,94.286,95.417,96.833,98.872,99.562,99.924,100.044,100.056,100.722,101.327,100.886,100.00,99.91,101.32,101.47,101.76
"진주시","공공서비스",92.154,93.640,95.685,96.578,96.410,95.790,97.101,97.555,98.508,100.443,101.445,101.683,100.933,100.00,100.91,101.82,102.71,103.49
"진주시","개인서비스",75.143,78.957,80.818,82.586,85.703,85.299,86.903,88.673,90.771,93.148,94.637,97.096,99.007,100.00,102.49,106.98,111.90,115.14
"제주특별자치도","총지수",78.135,82.131,83.620,86.446,90.156,91.257,92.519,93.550,94.149,95.366,97.553,99.252,99.574,100.00,102.63,108.71,111.95,113.97
"제주특별자치도","상품",75.222,80.791,82.407,86.621,92.144,94.885,95.721,96.202,95.952,95.957,97.966,99.858,99.599,100.00,104.04,111.84,115.10,117.32
"제주특별자치도","농축수산물",57.739,58.954,63.141,69.141,77.358,80.846,81.691,80.077,82.651,86.327,89.997,94.969,94.868,100.00,108.94,114.18,117.04,122.72
"제주특별자치도","공업제품",79.429,86.413,87.077,90.538,95.397,97.885,98.537,99.423,98.529,97.826,99.704,101.055,100.738,100.00,103.16,111.42,113.68,115.17
"제주특별자치도","전기 · 가스 · 수도",-,-,-,98.415,101.178,103.764,107.793,110.227,109.038,104.825,101.256,99.231,99.392,100.00,99.36,109.42,130.56,132.88
"제주특별자치도","서비스",80.515,83.334,84.711,86.504,88.465,88.027,89.660,91.181,92.530,94.800,97.140,98.641,99.545,100.00,101.33,105.83,109.05,110.90
"제주특별자치도","집세",82.972,83.515,83.975,84.963,87.280,89.911,92.859,94.248,95.558,97.910,100.147,100.625,100.387,100.00,100.01,101.01,101.88,102.80
"제주특별자치도","공공서비스",92.604,94.974,96.453,97.389,96.317,95.459,95.950,97.238,98.904,99.721,100.757,100.639,100.001,100.00,100.71,101.81,103.01,104.14
"제주특별자치도","개인서비스",75.915,79.122,80.627,82.718,85.778,85.035,86.907,88.531,89.766,92.541,95.365,97.601,99.235,100.00,101.95,108.67,113.30,115.69
